{
  "model_type": "RandomForestRegressor",
  "mae": 1.3065186404690228,
  "rmse": 1.7182303163389456,
  "train_rows": 260,
  "test_rows": 66,
  "generated_at": "2026-02-01T18:22:16.724651Z"
}